Website,Wallet ID
https://developer.bitcoin.org/,3E8ociqZa9mZUSwGdSmAEMAoAxBK3FNDcd
https://developer.bitcoin.org/,3E8ociqZa9mZUSwGdSmAEMAoAxBK3FNDcd
https://developer.bitcoin.org/,3E8ociqZa9mZUSwGdSmAEMAoAxBK3FNDcd
https://developer.bitcoin.org/,3E8ociqZa9mZUSwGdSmAEMAoAxBK3FNDcd
https://developer.bitcoin.org/,3E8ociqZa9mZUSwGdSmAEMAoAxBK3FNDcd
https://developer.bitcoin.org/,3E8ociqZa9mZUSwGdSmAEMAoAxBK3FNDcd
https://developer.bitcoin.org/,3E8ociqZa9mZUSwGdSmAEMAoAxBK3FNDcd
https://developer.bitcoin.org/,3E8ociqZa9mZUSwGdSmAEMAoAxBK3FNDcd
https://developer.bitcoin.org/,3E8ociqZa9mZUSwGdSmAEMAoAxBK3FNDcd
https://developer.bitcoin.org/,3E8ociqZa9mZUSwGdSmAEMAoAxBK3FNDcd
https://developer.bitcoin.org/,3E8ociqZa9mZUSwGdSmAEMAoAxBK3FNDcd
https://developer.bitcoin.org/,3E8ociqZa9mZUSwGdSmAEMAoAxBK3FNDcd
https://developer.bitcoin.org/,3E8ociqZa9mZUSwGdSmAEMAoAxBK3FNDcd
https://developer.bitcoin.org/,3E8ociqZa9mZUSwGdSmAEMAoAxBK3FNDcd
https://developer.bitcoin.org/,3E8ociqZa9mZUSwGdSmAEMAoAxBK3FNDcd
https://developer.bitcoin.org/,3E8ociqZa9mZUSwGdSmAEMAoAxBK3FNDcd
https://developer.bitcoin.org/,3E8ociqZa9mZUSwGdSmAEMAoAxBK3FNDcd
https://developer.bitcoin.org/,3E8ociqZa9mZUSwGdSmAEMAoAxBK3FNDcd
https://developer.bitcoin.org/,3E8ociqZa9mZUSwGdSmAEMAoAxBK3FNDcd
https://developer.bitcoin.org/,3E8ociqZa9mZUSwGdSmAEMAoAxBK3FNDcd
https://developer.bitcoin.org/,3E8ociqZa9mZUSwGdSmAEMAoAxBK3FNDcd
https://developer.bitcoin.org/,3E8ociqZa9mZUSwGdSmAEMAoAxBK3FNDcd
https://developer.bitcoin.org/,3E8ociqZa9mZUSwGdSmAEMAoAxBK3FNDcd
https://developer.bitcoin.org/,3E8ociqZa9mZUSwGdSmAEMAoAxBK3FNDcd
https://developer.bitcoin.org/,3E8ociqZa9mZUSwGdSmAEMAoAxBK3FNDcd
https://coinmap.org/,32SEegqeUQFuwK1XNKnpAG8aoFPQQWiNyp
https://bitaps.com,1d7724319a6ffe2fd7cb2e75334ae7e14548
https://www.youtube.com/watch?v=LszOt51OjXU,1CpGMM8Ag8gNYL3FffusVqEBUvHyYenTP8
https://www.youtube.com/watch?v=LszOt51OjXU,1CpGMM8Ag8gNYL3FffusVqEBUvHyYenTP8
https://www.youtube.com/watch?v=LszOt51OjXU,1CpGMM8Ag8gNYL3FffusVqEBUvHyYenTP8
https://www.youtube.com/watch?v=LszOt51OjXU,1CpGMM8Ag8gNYL3FffusVqEBUvHyYenTP8
https://developer.bitcoin.org/,3E8ociqZa9mZUSwGdSmAEMAoAxBK3FNDcd
https://developer.bitcoin.org/,3E8ociqZa9mZUSwGdSmAEMAoAxBK3FNDcd
https://developer.bitcoin.org/,3E8ociqZa9mZUSwGdSmAEMAoAxBK3FNDcd
https://www.bitcoin.org.pl/,1orgPL9WwzF1yxGFBbh8gsqfWVovbvVby
https://developer.bitcoin.org/,3E8ociqZa9mZUSwGdSmAEMAoAxBK3FNDcd
https://bitcoin.org/en/full-node,3E8ociqZa9mZUSwGdSmAEMAoAxBK3FNDcd
https://bitcoin.org/,3E8ociqZa9mZUSwGdSmAEMAoAxBK3FNDcd
https://bitcoin.org/en/bitcoin-for-individuals,3E8ociqZa9mZUSwGdSmAEMAoAxBK3FNDcd
https://bitcoin.org/en/bitcoin-for-businesses,3E8ociqZa9mZUSwGdSmAEMAoAxBK3FNDcd
https://developer.bitcoin.org/,3E8ociqZa9mZUSwGdSmAEMAoAxBK3FNDcd
https://bitcoin.org/en/getting-started,3E8ociqZa9mZUSwGdSmAEMAoAxBK3FNDcd
https://bitcoin.org/en/how-it-works,3E8ociqZa9mZUSwGdSmAEMAoAxBK3FNDcd
https://bitcoin.org/en/you-need-to-know,3E8ociqZa9mZUSwGdSmAEMAoAxBK3FNDcd
https://bitcoin.org/en/bitcoin-paper,3E8ociqZa9mZUSwGdSmAEMAoAxBK3FNDcd
https://bitcoin.org/en/resources,3E8ociqZa9mZUSwGdSmAEMAoAxBK3FNDcd
https://bitcoin.org/en/exchanges,3E8ociqZa9mZUSwGdSmAEMAoAxBK3FNDcd
https://bitcoin.org/en/community,3E8ociqZa9mZUSwGdSmAEMAoAxBK3FNDcd
https://bitcoin.org/en/vocabulary,3E8ociqZa9mZUSwGdSmAEMAoAxBK3FNDcd
https://bitcoin.org/en/events,3E8ociqZa9mZUSwGdSmAEMAoAxBK3FNDcd
https://bitcoin.org/en/bitcoin-core/,3E8ociqZa9mZUSwGdSmAEMAoAxBK3FNDcd
https://bitcoin.org/en/support-bitcoin,3E8ociqZa9mZUSwGdSmAEMAoAxBK3FNDcd
https://bitcoin.org/en/buy,3E8ociqZa9mZUSwGdSmAEMAoAxBK3FNDcd
https://bitcoin.org/en/full-node,3E8ociqZa9mZUSwGdSmAEMAoAxBK3FNDcd
https://bitcoin.org/en/development,3E8ociqZa9mZUSwGdSmAEMAoAxBK3FNDcd
https://bitcoin.org/en/scams,3E8ociqZa9mZUSwGdSmAEMAoAxBK3FNDcd
https://bitcoin.org/en/legal,3E8ociqZa9mZUSwGdSmAEMAoAxBK3FNDcd
https://bitcoin.org/en/privacy,3E8ociqZa9mZUSwGdSmAEMAoAxBK3FNDcd
https://bitcoin.org/en/press,3E8ociqZa9mZUSwGdSmAEMAoAxBK3FNDcd
https://bitcoin.org/en/about-us,3E8ociqZa9mZUSwGdSmAEMAoAxBK3FNDcd
https://bitcoin.org/en/blog,3E8ociqZa9mZUSwGdSmAEMAoAxBK3FNDcd
https://developer.bitcoin.org/,3E8ociqZa9mZUSwGdSmAEMAoAxBK3FNDcd
https://developer.bitcoin.org/,3E8ociqZa9mZUSwGdSmAEMAoAxBK3FNDcd
https://developer.bitcoin.org/,3E8ociqZa9mZUSwGdSmAEMAoAxBK3FNDcd
https://developer.bitcoin.org/,3E8ociqZa9mZUSwGdSmAEMAoAxBK3FNDcd
https://developer.bitcoin.org/,3E8ociqZa9mZUSwGdSmAEMAoAxBK3FNDcd
https://developer.bitcoin.org/,3E8ociqZa9mZUSwGdSmAEMAoAxBK3FNDcd
https://www.youtube.com/watch?v=BrRXP1tp6Kw,1CrVMGUSFgAFL2wWx5t64svA93UtSjqMpo
https://www.youtube.com/watch?v=BrRXP1tp6Kw,1CrVMGUSFgAFL2wWx5t64svA93UtSjqMpo
https://www.youtube.com/watch?v=BrRXP1tp6Kw,1CrVMGUSFgAFL2wWx5t64svA93UtSjqMpo
https://www.youtube.com/watch?v=BrRXP1tp6Kw,1CrVMGUSFgAFL2wWx5t64svA93UtSjqMpo
https://en.bitcoin.it/wiki/Contracts#Example_3:_Assurance_contracts,1JxgRXEHBi86zYzHN2U4KMyRCg4LvwNUrp
https://en.bitcoin.it/wiki/Contracts#Example_3:_Assurance_contracts,1Lj9udBVDwptFffGSJSC2sohCfudQgSTPD
https://en.bitcoin.it/wiki/Contracts#Example_3:_Assurance_contracts,1JxgRXEHBi86zYzHN2U4KMyRCg4LvwNUrp
https://developer.bitcoin.org/,3E8ociqZa9mZUSwGdSmAEMAoAxBK3FNDcd
https://developer.bitcoin.org/,3E8ociqZa9mZUSwGdSmAEMAoAxBK3FNDcd
https://developer.bitcoin.org/,3E8ociqZa9mZUSwGdSmAEMAoAxBK3FNDcd
https://developer.bitcoin.org/,3E8ociqZa9mZUSwGdSmAEMAoAxBK3FNDcd
https://developer.bitcoin.org/,3E8ociqZa9mZUSwGdSmAEMAoAxBK3FNDcd
https://developer.bitcoin.org/,3E8ociqZa9mZUSwGdSmAEMAoAxBK3FNDcd
https://developer.bitcoin.org/,3E8ociqZa9mZUSwGdSmAEMAoAxBK3FNDcd
https://developer.bitcoin.org/,3E8ociqZa9mZUSwGdSmAEMAoAxBK3FNDcd
https://developer.bitcoin.org/,3E8ociqZa9mZUSwGdSmAEMAoAxBK3FNDcd
https://developer.bitcoin.org/,3E8ociqZa9mZUSwGdSmAEMAoAxBK3FNDcd
https://developer.bitcoin.org/,3E8ociqZa9mZUSwGdSmAEMAoAxBK3FNDcd
https://developer.bitcoin.org/,3E8ociqZa9mZUSwGdSmAEMAoAxBK3FNDcd
https://developer.bitcoin.org/,3E8ociqZa9mZUSwGdSmAEMAoAxBK3FNDcd
https://developer.bitcoin.org/,3E8ociqZa9mZUSwGdSmAEMAoAxBK3FNDcd
https://developer.bitcoin.org/,3E8ociqZa9mZUSwGdSmAEMAoAxBK3FNDcd
https://developer.bitcoin.org/,3E8ociqZa9mZUSwGdSmAEMAoAxBK3FNDcd
https://developer.bitcoin.org/,3E8ociqZa9mZUSwGdSmAEMAoAxBK3FNDcd
https://developer.bitcoin.org/,3E8ociqZa9mZUSwGdSmAEMAoAxBK3FNDcd
https://developer.bitcoin.org/,3E8ociqZa9mZUSwGdSmAEMAoAxBK3FNDcd
https://developer.bitcoin.org/,3E8ociqZa9mZUSwGdSmAEMAoAxBK3FNDcd
https://developer.bitcoin.org/,3E8ociqZa9mZUSwGdSmAEMAoAxBK3FNDcd
https://www.transifex.com/user/profile/Yaziris,12z2EviL3DNF9rzG6axtUuqwHZfhE1jiUK
https://www.transifex.com/user/profile/Ethicnology,bc1qg6upgext2gu556hajfgqn4u5qmlrwmqjv64u5g
https://www.transifex.com/user/profile/klicman,1JQ3vKBYdsBtHA4st6q11UiX4zzKMk7fzL
https://www.transifex.com/user/profile/CoinColors,1GpUnzrkTxcp7Y3aCTK4M6VKGx9Zd95uNf
https://www.transifex.com/user/profile/cocoklogi,1QHy4ZDcXL9uwLCi1sZd5WoNpyHXgodAVC
https://www.transifex.com/user/profile/hakka,1NjiMsKNamSR1fbWM9gBNkEnTzUYYfXMhg
https://www.transifex.com/user/profile/uxdesigner,1BarPX4pWfWEEmUBsDPizK9pcriLhU8euF
https://www.transifex.com/user/profile/ordtrogen,bc1qny89nfvdcuqdt0hrhu2lnyg3zrxzm30a6uvjr2
https://github.com/RandyMcMillan,16f6641c5d33ece7cdc33de74abb89a2c175
https://github.com/brianddk,3CVsuQApEdwgndPurJmSwvBpfg7uA3dyqY
https://developer.bitcoin.org/,3E8ociqZa9mZUSwGdSmAEMAoAxBK3FNDcd
https://developer.bitcoin.org/,3E8ociqZa9mZUSwGdSmAEMAoAxBK3FNDcd
https://developer.bitcoin.org/,3E8ociqZa9mZUSwGdSmAEMAoAxBK3FNDcd
https://developer.bitcoin.org/,3E8ociqZa9mZUSwGdSmAEMAoAxBK3FNDcd
https://developer.bitcoin.org/,3E8ociqZa9mZUSwGdSmAEMAoAxBK3FNDcd
https://developer.bitcoin.org/,3E8ociqZa9mZUSwGdSmAEMAoAxBK3FNDcd
https://developer.bitcoin.org/,3E8ociqZa9mZUSwGdSmAEMAoAxBK3FNDcd
https://developer.bitcoin.org/,3E8ociqZa9mZUSwGdSmAEMAoAxBK3FNDcd
https://developer.bitcoin.org/,3E8ociqZa9mZUSwGdSmAEMAoAxBK3FNDcd
https://www.ecb.europa.eu/pub/pdf/other/virtualcurrencyschemes201210en.pdf,3D76749E2D7111DCB2CDEBD8E8
https://www.youtube.com/watch?v=LP4GSvQUtBw&feature=player_embedded,3NKXgPEpxTpdYCEdpfDjgvFqBzU
